FirstLast,Criteria,FirstLast,Year,YearsPlayed,RosterLink,Hometown,HS,ClassYear,College,First,Gender,Last,MidInit,MidName,Name,RosterYear
Victor Kiam, Yale,Victor Kiam,1947,1,,,,,Yale University,Victor,M,Kiam,K.,,,
Charles Ritchie, Yale,Charles Ritchie,1947,2,,,,,Yale University,Charles,M,Ritchie,L., Jr,,
James Boyle, Yale,James Boyle,1947,1,,,,,Yale University,James,M,Boyle,T., Jr,,
Henry Ewald, Yale,Henry Ewald,1947,1,,,,,Yale University,Henry,M,Ewald,T., Jr,,
C. Wesley Kittleman, Yale,C. Wesley Kittleman,1947,1,,,,,Yale University,C. Wesley,M,Kittleman,, Jr,,
Robert Sutton, Yale,Robert Sutton,1947,1,,,,,Yale University,Robert,M,Sutton,J.,,,
Charles Clark, Yale,Charles Clark,1947,2,,,,,Yale University,Charles,M,Clark,H.,,,
Miles Suchin, Yale,Miles Suchin,1947,2,,,,,Yale University,Miles,M,Suchin,B.,,,
George Bell, Yale,George Bell,1947,2,,,,,Yale University,George,M,Bell,deB.,,,
Carleton Badger, Yale,Carleton Badger,1947,3,,,,,Yale University,Carleton,M,Badger,M.,,,
William Ylvisaker, Yale,William Ylvisaker,1947,2,,,,,Yale University,William,M,Ylvisaker,T.,,,
Alexander Murray, Yale,Alexander Murray,1947,1,,,,,Yale University,Alexander,M,Murray, 3rd,,,
Jack Geller, Yale,Jack Geller,1947,3,,,,,Yale University,Jack,M,Geller,,,,
John Helms, Yale,John Helms,1948,1,,,,,Yale University,John,M,Helms,E.,3rd,,
Richard Hunt, Yale,Richard Hunt,1948,4,,,,,Yale University,Richard,M,Hunt,M.,,,
William Ford, Yale,William Ford,1948,2,,,,,Yale University,William,M,Ford,C.,,,
Eugene Dines, Yale,Eugene Dines,1948,2,,,,,Yale University,Eugene,M,Dines, Jr,,,
Philip Ward, Yale,Philip Ward,1948,1,,,,,Yale University,Philip,M,Ward,H.,,,
Narcey Firouz, Yale,Narcey Firouz,1948,1,,,,,Yale University,Narcey,M,Firouz,,,,
J. Arthur Kessler, Yale,J. Arthur Kessler,1948,2,,,,,Yale University,J. Arthur,M,Kessler,, Jr,,
Jaime Del Corral, Yale,Jaime Del Corral,1949,3,,,,,Yale University,Jaime,M,Del Corral,M.,,,
Rolor Ray, Yale,Rolor Ray,1949,4,,,,,Yale University,Rolor,M,Ray,E.,,,
Charles Carr, Yale,Charles Carr,1949,1,,,,,Yale University,Charles,M,Carr,R.,,,
Heman Gifford, Yale,Heman Gifford,1949,1,,,,,Yale University,Heman,M,Gifford, Jr,,,
Linton Baldwin, Yale,Linton Baldwin,1949,3,,,,,Yale University,Linton,M,Baldwin,H.,,,
Peter Russell, Yale,Peter Russell,1950,1,,,,,Yale University,Peter,M,Russell,G.,,,
Gordon Aymar, Yale,Gordon Aymar,1950,1,,,,,Yale University,Gordon,M,Aymar,C., Jr,,
Harold Hands, Yale,Harold Hands,1950,2,,,,,Yale University,Harold,M,Hands,E., Jr,,
Winslow Lovejoy, Yale,Winslow Lovejoy,1950,1,,,,,Yale University,Winslow,M,Lovejoy,M., Jr,,
Vincent Murphy, Yale,Vincent Murphy,1950,1,,,,,Yale University,Vincent,M,Murphy,B., Jr,,
Kinloch Yellott, Yale,Kinloch Yellott,1950,1,,,,,Yale University,Kinloch,M,Yellott,N., Jr,,
Bruce Bayne, Yale,Bruce Bayne,1950,1,,,,,Yale University,Bruce,M,Bayne,,,,
Harold Upjohn, Yale,Harold Upjohn,1950,1,,,,,Yale University,Harold,M,Upjohn,L.,,,
Chester Laroche, Yale,Chester Laroche,1950,1,,,,,Yale University,Chester,M,Laroche,R.,,,
Richard Barry, Yale,Richard Barry,1950,1,,,,,Yale University,Richard,M,Barry,M.,,,
Irvin Gendler, Yale,Irvin Gendler,1950,1,,,,,Yale University,Irvin,M,Gendler,A.,,,
James Herman, Yale,James Herman,1950,1,,,,,Yale University,James,M,Herman,S.,,,
Philip Smith, Yale,Philip Smith,1950,2,,,,,Yale University,Philip,M,Smith,S.,,,
Broughton Bishop, Yale,Broughton Bishop,1950,1,,,,,Yale University,Broughton,M,Bishop,H.,,,
Jack Sloat, Yale,Jack Sloat,1950,2,,,,,Yale University,Jack,M,Sloat,W.,,,
Lawrason Sayre, Yale,Lawrason Sayre,1950,1,,,,,Yale University,Lawrason,M,Sayre,R.,,,
Edwin Early, Yale,Edwin Early,1950,1,,,,,Yale University,Edwin,M,Early,F.,,,
Roderick Potter, Yale,Roderick Potter,1950,1,,,,,Yale University,Roderick,M,Potter, Jr,,,
Robert Sayre, Yale,Robert Sayre,1950,1,,,,,Yale University,Robert,M,Sayre,H.,4th,,
Charles Lynch, Yale,Charles Lynch,1950,4,,,,,Yale University,Charles,M,Lynch,A.,,,
Richard Bliss, Yale,Richard Bliss,1951,3,,,,,Yale University,Richard,M,Bliss,M.,,,
Nelson Hooe, Yale,Nelson Hooe,1951,3,,,,,Yale University,Nelson,M,Hooe,D.,,,
Richard Norris, Yale,Richard Norris,1951,3,,,,,Yale University,Richard,M,Norris,H.,3rd,,
Charles Stokes, Yale,Charles Stokes,1951,3,,,,,Yale University,Charles,M,Stokes,E.,3rd,,
Stephen Sicard, Yale,Stephen Sicard,1951,1,,,,,Yale University,Stephen,M,Sicard,,,,
Edgar Bright, Yale,Edgar Bright,1951,3,,,,,Yale University,Edgar,M,Bright,A.G., Jr,,
David Maxwell, Yale,David Maxwell,1952,1,,,,,Yale University,David,M,Maxwell,O.,,,
Charles Weinstock, Yale,Charles Weinstock,1952,1,,,,,Yale University,Charles,M,Weinstock,,,,
Nicholas Brady, Yale,Nicholas Brady,1952,1,,,,,Yale University,Nicholas,M,Brady,F.,,,
Theodore Wood, Yale,Theodore Wood,1952,3,,,,,Yale University,Theodore,M,Wood,E.B.,,,
Alan Fischl, Yale,Alan Fischl,1952,3,,,,,Yale University,Alan,M,Fischl,J.,,,
Arthur Keeley, Yale,Arthur Keeley,1952,1,,,,,Yale University,Arthur,M,Keeley,J.,,,
Alan Schwartz, Yale,Alan Schwartz,1952,3,,,,,Yale University,Alan,M,Schwartz,G.,,,
Benjamin Ten Eyck, Yale,Benjamin Ten Eyck,1953,1,,,,,Yale University,Benjamin,M,Ten Eyck,L.B.,,,
Dudley Coates, Yale,Dudley Coates,1953,1,,,,,Yale University,Dudley,M,Coates,W.,,,
George Bass, Yale,George Bass,1953,1,,,,,Yale University,George,M,Bass,S.,,,
Henry Blodget, Yale,Henry Blodget,1953,2,,,,,Yale University,Henry,M,Blodget,,,,
Frank Maloney, Yale,Frank Maloney,1953,1,,,,,Yale University,Frank,M,Maloney,C.,3rd,,
Alexander Ewing, Yale,Alexander Ewing,1953,1,,,,,Yale University,Alexander,M,Ewing,C.,,,
Robert Dewey, Yale,Robert Dewey,1953,1,,,,,Yale University,Robert,M,Dewey,M., Jr,,
G. Barrett Rich, Yale,G. Barrett Rich,1954,1,,,,,Yale University,G. Barrett,M,Rich,,,,
David Seifer, Yale,David Seifer,1954,3,,,,,Yale University,David,M,Seifer,,,,
Barry Seymour, Yale,Barry Seymour,1954,2,,,,,Yale University,Barry,M,Seymour,T.,,,
Charles Workman, Yale,Charles Workman,1954,2,,,,,Yale University,Charles,M,Workman,E.,,,
James Mcclellan, Yale,James Mcclellan,1954,1,,,,,Yale University,James,M,Mcclellan,,,,
Jules Cohen, Yale,Jules Cohen,1955,2,,,,,Yale University,Jules,M,Cohen,A.,,,
Alan Englander, Yale,Alan Englander,1955,3,,,,,Yale University,Alan,M,Englander,S.,,,
Leslie Pollack, Yale,Leslie Pollack,1955,2,,,,,Yale University,Leslie,M,Pollack,M.,,,
Lawrence Dessner, Yale,Lawrence Dessner,1955,2,,,,,Yale University,Lawrence,M,Dessner,J.,,,
Richard Raskind, Yale,Richard Raskind,1955,3,,,,,Yale University,Richard,M,Raskind,H.,,,
William Cranston, Yale,William Cranston,1955,2,,,,,Yale University,William,M,Cranston,E.,,,
Robert Kresch, Yale,Robert Kresch,1955,1,,,,,Yale University,Robert,M,Kresch,B.,,,
Sam English, Yale,Sam English,1955,3,,,,,Yale University,Sam,M,English,O., Jr,,
Gordon Ambach, Yale,Gordon Ambach,1956,1,,,,,Yale University,Gordon,M,Ambach,M.,,,
John Williamson, Yale,John Williamson,1956,2,,,,,Yale University,John,M,Williamson,R., Jr,,
Michael Mccone, Yale,Michael Mccone,1956,1,,,,,Yale University,Michael,M,Mccone,F.,,,
Eric Moore, Yale,Eric Moore,1956,3,,,,,Yale University,Eric,M,Moore,B.,,,
Bryan Gatewood, Yale,Bryan Gatewood,1956,2,,,,,Yale University,Bryan,M,Gatewood,M.,,,
Peter Albin, Yale,Peter Albin,1956,1,,,,,Yale University,Peter,M,Albin,S.,,,
Michael Marron, Yale,Michael Marron,1956,2,,,,,Yale University,Michael,M,Marron,R.,,,
John Somerville, Yale,John Somerville,1957,1,,,,,Yale University,John,M,Somerville,W.,,,
Conrad Fisher, Yale,Conrad Fisher,1957,2,,,,,Yale University,Conrad,M,Fisher,W.,,,
Warren Cox, Yale,Warren Cox,1957,1,,,,,Yale University,Warren,M,Cox,J.,,,
John Appel, Yale,John Appel,1957,1,,,,,Yale University,John,M,Appel,,,,
J. Edward Meyer, Yale,J. Edward Meyer,1957,3,,,,,Yale University,J. Edward,M,Meyer,,,,
John Skillman, Yale,John Skillman,1957,1,,,,,Yale University,John,M,Skillman,F., Jr,,
Samuel Schoonmaker, Yale,Samuel Schoonmaker,1958,3,,,,,Yale University,Samuel,M,Schoonmaker,V.,,,
Newell Augur, Yale,Newell Augur,1958,2,,,,,Yale University,Newell,M,Augur,A., Jr,,
Harold Williamson, Yale,Harold Williamson,1958,1,,,,,Yale University,Harold,M,Williamson,F.,,,
Philip Ness, Yale,Philip Ness,1958,1,,,,,Yale University,Philip,M,Ness,W.,,,
Edward Bennett, Yale,Edward Bennett,1958,2,,,,,Yale University,Edward,M,Bennett,B.,,,
Edward Prince, Yale,Edward Prince,1959,3,,,,,Yale University,Edward,M,Prince,M.,,,
Peter Cox, Yale,Peter Cox,1959,1,,,,,Yale University,Peter,M,Cox,W.,,,
John Oettinger, Yale,John Oettinger,1959,1,,,,,Yale University,John,M,Oettinger,R.,,,
Jonathan Clark, Yale,Jonathan Clark,1959,3,,,,,Yale University,Jonathan,M,Clark,M.,,,
Maitland Jones, Yale,Maitland Jones,1959,1,,,,,Yale University,Maitland,M,Jones,,,,
Robert Laird, Yale,Robert Laird,1959,1,,,,,Yale University,Robert,M,Laird,W., Jr,,
Alexander Wiener, Yale,Alexander Wiener,1959,3,,,,,Yale University,Alexander,M,Wiener,L., Jr,,
Thomas Freiberg, Yale,Thomas Freiberg,1959,3,,,,,Yale University,Thomas,M,Freiberg,A., Jr,,
Samuel Howe, Yale,Samuel Howe,1960,3,,,,,Yale University,Samuel,M,Howe,P.,3rd,,
Donald Dell, Yale,Donald Dell,1960,3,,,,,Yale University,Donald,M,Dell,L.,,,
Eugene Scott, Yale,Eugene Scott,1960,3,,,,,Yale University,Eugene,M,Scott,L.,,,
Richard Wallace, Yale,Richard Wallace,1960,3,,,,,Yale University,Richard,M,Wallace,C.,,,
Samuel Heyman, Yale,Samuel Heyman,1960,1,,,,,Yale University,Samuel,M,Heyman,J.,,,
James Ervin, Yale,James Ervin,1960,1,,,,,Yale University,James,M,Ervin,C.,,,
Gifford Hopkins, Yale,Gifford Hopkins,1960,1,,,,,Yale University,Gifford,M,Hopkins,D.,,,
G. Whitney Biggs, Yale,G. Whitney Biggs,1960,3,,,,,Yale University,G. Whitney,M,Biggs,,,,
Philip Spalding, Yale,Philip Spalding,1961,1,,,,,Yale University,Philip,M,Spalding,,,,
Robert Killebrew, Yale,Robert Killebrew,1961,1,,,,,Yale University,Robert,M,Killebrew,,,,
John Gunnin, Yale,John Gunnin,1961,1,,,,,Yale University,John,M,Gunnin,,,,
Steven Anderson, Yale,Steven Anderson,1961,2,,,,,Yale University,Steven,M,Anderson,T.,,,
Theodore Joyner, Yale,Theodore Joyner,1961,2,,,,,Yale University,Theodore,M,Joyner,C.,,,
Tristam Brooks, Yale,Tristam Brooks,1962,3,,,,,Yale University,Tristam,M,Brooks,A.,,,
Sidney Wood, Yale,Sidney Wood,1962,1,,,,,Yale University,Sidney,M,Wood,B.B.,,,
Ogden Phipps, Yale,Ogden Phipps,1962,1,,,,,Yale University,Ogden,M,Phipps,,,,
Neal Ormond, Yale,Neal Ormond,1962,1,,,,,Yale University,Neal,M,Ormond,,,,
Stuart Ludlum, Yale,Stuart Ludlum,1962,3,,,,,Yale University,Stuart,M,Ludlum,D.,,,
Thomas Hartch, Yale,Thomas Hartch,1963,1,,,,,Yale University,Thomas,M,Hartch,F.,,,
Arthur Griffith, Yale,Arthur Griffith,1963,1,,,,,Yale University,Arthur,M,Griffith,W.,,,
Steven Mackinnon, Yale,Steven Mackinnon,1963,3,,,,,Yale University,Steven,M,Mackinnon,R.,,,
Robert Hetherington, Yale,Robert Hetherington,1963,3,,,,,Yale University,Robert,M,Hetherington,G.,,,
Ralph Howe, Yale,Ralph Howe,1963,3,,,,,Yale University,Ralph,M,Howe,E.,,,
Charles Frank, Yale,Charles Frank,1963,3,,,,,Yale University,Charles,M,Frank,A.,,,
Michael Neely, Yale,Michael Neely,1963,3,,,,,Yale University,Michael,M,Neely,G.,,,
Carroll Parry, Yale,Carroll Parry,1963,3,,,,,Yale University,Carroll,M,Parry,D.,3rd,,
William Taylor, Yale,William Taylor,1964,1,,,,,Yale University,William,M,Taylor,H.,3rd,,
David Brooks, Yale,David Brooks,1964,2,,,,,Yale University,David,M,Brooks,M.,,,
Robert Archer, Yale,Robert Archer,1964,3,,,,,Yale University,Robert,M,Archer,A.,,,
William Reynolds, Yale,William Reynolds,1964,2,,,,,Yale University,William,M,Reynolds,B.,,,
Donald Christianson, Yale,Donald Christianson,1964,1,,,,,Yale University,Donald,M,Christianson,R.,,,
William Morse, Yale,William Morse,1964,2,,,,,Yale University,William,M,Morse,M.,,,
Dennis Lynch, Yale,Dennis Lynch,1964,3,,,,,Yale University,Dennis,M,Lynch,P.,,,
Kent Nelson, Yale,Kent Nelson,1965,2,,,,,Yale University,Kent,M,Nelson,S.,,,
Christopher Kinney, Yale,Christopher Kinney,1965,2,,,,,Yale University,Christopher,M,Kinney,F.,,,
Peter Southard, Yale,Peter Southard,1965,1,,,,,Yale University,Peter,M,Southard,C.,,,
Peter Appleton, Yale,Peter Appleton,1965,2,,,,,Yale University,Peter,M,Appleton,B.,,,
Robert Dunlop, Yale,Robert Dunlop,1965,3,,,,,Yale University,Robert,M,Dunlop,H.,3rd,,
Hamlet Barry, Yale,Hamlet Barry,1966,2,,,,,Yale University,Hamlet,M,Barry,J.,,,
Donald Mcauslan, Yale,Donald Mcauslan,1966,2,,,,,Yale University,Donald,M,Mcauslan,L.,,,
William Tucker, Yale,William Tucker,1966,1,,,,,Yale University,William,M,Tucker,C.,,,
John Westcott, Yale,John Westcott,1966,3,,,,,Yale University,John,M,Westcott,McM., Jr,,
Jerome Glenn, Yale,Jerome Glenn,1967,1,,,,,Yale University,Jerome,M,Glenn,L.,,,
Michael Brooks, Yale,Michael Brooks,1967,3,,,,,Yale University,Michael,M,Brooks,C.,,,
Richard Fates, Yale,Richard Fates,1967,3,,,,,Yale University,Richard,M,Fates,J.,,,
J. Michael Ladd, Yale,J. Michael Ladd,1967,1,,,,,Yale University,J. Michael,M,Ladd,,,,
Jack Waltz, Yale,Jack Waltz,1967,3,,,,,Yale University,Jack,M,Waltz,R.,,,
Henry Rosen, Yale,Henry Rosen,1968,1,,,,,Yale University,Henry,M,Rosen,,,,
William Keeton, Yale,William Keeton,1968,3,,,,,Yale University,William,M,Keeton,R.,,,
John Anderson, Yale,John Anderson,1968,3,,,,,Yale University,John,M,Anderson,G.,,,
Jeffrey Westcott, Yale,Jeffrey Westcott,1968,3,,,,,Yale University,Jeffrey,M,Westcott,B.,,,
Steven Orthwein, Yale,Steven Orthwein,1968,3,,,,,Yale University,Steven,M,Orthwein,A.,,,
Robert Haar, Yale,Robert Haar,1968,3,,,,,Yale University,Robert,M,Haar,A.,,,
Robert Mccallum, Yale,Robert Mccallum,1968,3,,,,,Yale University,Robert,M,Mccallum,D., Jr,,
Michael Mueller, Yale,Michael Mueller,1969,2,,,,,Yale University,Michael,M,Mueller,E.,,,
Jerome Gary, Yale,Jerome Gary,1969,2,,,,,Yale University,Jerome,M,Gary,S.D.,,,
Paul Henry, Yale,Paul Henry,1969,1,,,,,Yale University,Paul,M,Henry,W.,,,
Richard Breitman, Yale,Richard Breitman,1969,2,,,,,Yale University,Richard,M,Breitman,D.,,,
Frederick London, Yale,Frederick London,1969,2,,,,,Yale University,Frederick,M,London,S.,,,
Marshall Taylor, Yale,Marshall Taylor,1969,1,,,,,Yale University,Marshall,M,Taylor,M.,,,
David Ketner, Yale,David Ketner,1969,1,,,,,Yale University,David,M,Ketner,S.,,,
Lathrop Gates, Yale,Lathrop Gates,1969,2,,,,,Yale University,Lathrop,M,Gates,M.,,,
Alexander Tan, Yale,Alexander Tan,1969,1,,,,,Yale University,Alexander,M,Tan,P.,,,
Mark Kaplanoff, Yale,Mark Kaplanoff,1970,2,,,,,Yale University,Mark,M,Kaplanoff,D.,,,
Peter Heydemann, Yale,Peter Heydemann,1970,3,,,,,Yale University,Peter,M,Heydemann,T.,,,
Peter MacPartland, Yale,Peter MacPartland,1970,3,,,,,Yale University,Peter,M,MacPartland,J.,,,
Ronald Netter, Yale,Ronald Netter,1970,2,,,,,Yale University,Ronald,M,Netter,A.,,,
Philip Svigals, Yale,Philip Svigals,1971,3,,,,,Yale University,Philip,M,Svigals,B.,,,
John Tansey, Yale,John Tansey,1971,3,,,,,Yale University,John,M,Tansey,D.,,,
Wick Chambers, Yale,Wick Chambers,1971,2,,,,,Yale University,Wick,M,Chambers,R.,,,
Andrew Pachner, Yale,Andrew Pachner,1971,2,,,,,Yale University,Andrew,M,Pachner,R.,,,
James Harvie, Yale,James Harvie,1971,1,,,,,Yale University,James,M,Harvie,B.,,,
James Latting, Yale,James Latting,1971,2,,,,,Yale University,James,M,Latting,T.,,,
Scott Osborne, Yale,Scott Osborne,1971,2,,,,,Yale University,Scott,M,Osborne,B.,,,
Brian Mitchell, Yale,Brian Mitchell,1972,3,,,,,Yale University,Brian,M,Mitchell,P.,,,
Peter Lawler, Yale,Peter Lawler,1972,2,,,,,Yale University,Peter,M,Lawler,C.,,,
William Cleveland, Yale,William Cleveland,1972,3,,,,,Yale University,William,M,Cleveland,C.,,,
Neil Allen, Yale,Neil Allen,1972,3,,,,,Yale University,Neil,M,Allen,A.,,,
Hayden Kirk, Yale,Hayden Kirk,1973,1,,,,,Yale University,Hayden,M,Kirk,S.,,,
Philip St. Georges, Yale,Philip St. Georges,1973,2,,,,,Yale University,Philip,M,St. Georges,M.,,,
Henry Anderson, Yale,Henry Anderson,1973,3,,,,,Yale University,Henry,M,Anderson,M.,,,
William Gaines, Yale,William Gaines,1973,3,,,,,Yale University,William,M,Gaines,L.,,,
Kevin Bradley, Yale,Kevin Bradley,1974,1,,,,,Yale University,Kevin,M,Bradley,P.,,,
Daniel Grossman, Yale,Daniel Grossman,1974,3,,,,,Yale University,Daniel,M,Grossman,L.,,,
David Mielke, Yale,David Mielke,1974,2,,,,,Yale University,David,M,Mielke,C.,,,
Jeffrey Wilday, Yale,Jeffrey Wilday,1974,2,,,,,Yale University,Jeffrey,M,Wilday,M.,,,
William Banner, Yale,William Banner,1974,1,,,,,Yale University,William,M,Banner,P.,,,
Thomas Cunningham, Yale,Thomas Cunningham,1974,1,,,,,Yale University,Thomas,M,Cunningham,R.,,,
Paul Bartel, Yale,Paul Bartel,1975,2,,,,,Yale University,Paul,M,Bartel,W.,,,
John Shostrum, Yale,John Shostrum,1975,3,,,,,Yale University,John,M,Shostrum,M.,,,
Hugo Black, Yale,Hugo Black,1975,1,,,,,Yale University,Hugo,M,Black,L.,,,
Christopher Swenson, Yale,Christopher Swenson,1975,4,,,,,Yale University,Christopher,M,Swenson,B.,,,
Reuben Holden, Yale,Reuben Holden,1976,1,,,,,Yale University,Reuben,M,Holden,A.,5th,,
Jonathan Thomas, Yale,Jonathan Thomas,1976,4,,,,,Yale University,Jonathan,M,Thomas,Y.,,,
Christopher Williams, Yale,Christopher Williams,1976,4,,,,,Yale University,Christopher,M,Williams,,,,
William Feltus, Yale,William Feltus,1976,2,,,,,Yale University,William,M,Feltus,J.,,,
Luis Acosta, Yale,Luis Acosta,1976,3,,,,,Yale University,Luis,M,Acosta,M.,,,
Steven Cremer, Yale,Steven Cremer,1976,1,,,,,Yale University,Steven,M,Cremer,A.,,,
Derrick Niederman, Yale,Derrick Niederman,1976,3,,,,,Yale University,Derrick,M,Niederman,C.,,,
John Schotz, Yale,John Schotz,1977,1,,,,,Yale University,John,M,Schotz,P.,,,
Sverre Munck, Yale,Sverre Munck,1977,1,,,,,Yale University,Sverre,M,Munck,C.,,,
Matthew Doyle, Yale,Matthew Doyle,1978,1,,,,,Yale University,Matthew,M,Doyle,N.,,,
Jack Cobetto, Yale,Jack Cobetto,1978,1,,,,,Yale University,Jack,M,Cobetto,B.,,,
Richard Lumsden, Yale,Richard Lumsden,1978,1,,,,,Yale University,Richard,M,Lumsden,J.,,,
James Kaufman, Yale,James Kaufman,1978,4,,,,,Yale University,James,M,Kaufman,H.,,,
Barnaby Starr, Yale,Barnaby Starr,1978,1,,,,,Yale University,Barnaby,M,Starr,F.,,,
Geoffrey Tabin, Yale,Geoffrey Tabin,1978,3,,,,,Yale University,Geoffrey,M,Tabin,C.,,,
Gregory Kim, Yale,Gregory Kim,1979,1,,,,,Yale University,Gregory,M,Kim,R.,,,
Bradley Dressler, Yale,Bradley Dressler,1979,3,,,,,Yale University,Bradley,M,Dressler,P.,,,
Eric Sorscher, Yale,Eric Sorscher,1979,1,,,,,Yale University,Eric,M,Sorscher,J.,,,
Laurence Leeds, Yale,Laurence Leeds,1979,2,,,,,Yale University,Laurence,M,Leeds,C.,“Cary”,,
Willis Hulings, Yale,Willis Hulings,1980,1,,,,,Yale University,Willis,M,Hulings,J.,,,
Hal Freeman, Yale,Hal Freeman,1980,1,,,,,Yale University,Hal,M,Freeman,,,,
Dale De La Torre, Yale,Dale De La Torre,1980,1,,,,,Yale University,Dale,M,De La Torre,R.,,,
William Brady, Yale,William Brady,1980,3,,,,,Yale University,William,M,Brady,F.,3rd,,
David Huskey, Yale,David Huskey,1980,1,,,,,Yale University,David,M,Huskey,K.,,,
William Kerr, Yale,William Kerr,1980,1,,,,,Yale University,William,M,Kerr,O.,,,
Todd Hillman, Yale,Todd Hillman,1980,2,,,,,Yale University,Todd,M,Hillman,H.,,,
Elliot Peters, Yale,Elliot Peters,1980,1,,,,,Yale University,Elliot,M,Peters,R.,,,
Andrew Fleming, Yale,Andrew Fleming,1980,2,,,,,Yale University,Andrew,M,Fleming,T.,,,
James Chud, Yale,James Chud,1980,1,,,,,Yale University,James,M,Chud,,,,
William Laffer, Yale,William Laffer,1980,1,,,,,Yale University,William,M,Laffer,G.,,,
Thomas Simcik, Yale,Thomas Simcik,1981,3,,,,,Yale University,Thomas,M,Simcik,J.,,,
Douglas Kelly, Yale,Douglas Kelly,1981,1,,,,,Yale University,Douglas,M,Kelly,J.,,,
Michael Sicular, Yale,Michael Sicular,1981,1,,,,,Yale University,Michael,M,Sicular,J.,,,
Steven Sorscher, Yale,Steven Sorscher,1981,1,,,,,Yale University,Steven,M,Sorscher,M.,,,
John Stiepel, Yale,John Stiepel,1981,4,,,,,Yale University,John,M,Stiepel,F.,,,
Stewart Hudson, Yale,Stewart Hudson,1981,3,,,,,Yale University,Stewart,M,Hudson,J.,,,
Keith Rudman, Yale,Keith Rudman,1981,3,,,,,Yale University,Keith,M,Rudman,M.,,,
Malcolm Whitman, Yale,Malcolm Whitman,1981,1,,,,,Yale University,Malcolm,M,Whitman,R.,,,
Steven Epstein, Yale,Steven Epstein,1981,2,,,,,Yale University,Steven,M,Epstein,A.,,,
Edward Lazarus, Yale,Edward Lazarus,1981,2,,,,,Yale University,Edward,M,Lazarus,P.,,,
Francis Steel, Yale,Francis Steel,1981,2,,,,,Yale University,Francis,M,Steel,P.,,,
Robert Gould, Yale,Robert Gould,1981,2,,,,,Yale University,Robert,M,Gould,R.,,,
William Raszka, Yale,William Raszka,1981,1,,,,,Yale University,William,M,Raszka,V.,,,
Lewis Chodish, Yale,Lewis Chodish,1981,2,,,,,Yale University,Lewis,M,Chodish,A.,,,
James Murphy, Yale,James Murphy,1981,1,,,,,Yale University,James,M,Murphy,A.,,,
Michael Sircular, Yale,Michael Sircular,1981,1,,,,,Yale University,Michael,M,Sircular,J.,,,
James Broder, Yale,James Broder,1981,1,,,,,Yale University,James,M,Broder,S.,,,
David Gerger, Yale,David Gerger,1982,1,,,,,Yale University,David,M,Gerger,B.,,,
Hunter Reisner, Yale,Hunter Reisner,1982,1,,,,,Yale University,Hunter,M,Reisner,S.,,,
Clare Draper, Yale,Clare Draper,1982,3,,,,,Yale University,Clare,M,Draper,H.,4th,,
William McAfee, Yale,William McAfee,1982,2,,,,,Yale University,William,M,McAfee,A.,,,
Alberto Franco, Yale,Alberto Franco,1982,4,,,,,Yale University,Alberto,M,Franco,,,,
Mark Tenhundfeld, Yale,Mark Tenhundfeld,1982,2,,,,,Yale University,Mark,M,Tenhundfeld,J.,,,
David Labriola, Yale,David Labriola,1982,2,,,,,Yale University,David,M,Labriola,K.,,,
Stephen Prothero, Yale,Stephen Prothero,1982,2,,,,,Yale University,Stephen,M,Prothero,R.,,,
Harold Wrobel, Yale,Harold Wrobel,1982,2,,,,,Yale University,Harold,M,Wrobel,S.,,,
Steven Zuckerman, Yale,Steven Zuckerman,1982,2,,,,,Yale University,Steven,M,Zuckerman,A.,,,
Mercer Bullard, Yale,Mercer Bullard,1983,1,,,,,Yale University,Mercer,M,Bullard,E.,,,
David Jordan, Yale,David Jordan,1983,1,,,,,Yale University,David,M,Jordan,H.,,,
Michael Cavallon, Yale,Michael Cavallon,1983,2,,,,,Yale University,Michael,M,Cavallon,F.,,,
Charles Neuhaus, Yale,Charles Neuhaus,1983,2,,,,,Yale University,Charles,M,Neuhaus,E.,,,
Richard Crews, Yale,Richard Crews,1983,2,,,,,Yale University,Richard,M,Crews,C.,,,
Neil Solomon, Yale,Neil Solomon,1983,2,,,,,Yale University,Neil,M,Solomon,A.,,,
Glenn Layendecker, Yale,Glenn Layendecker,1983,4,,,,,Yale University,Glenn,M,Layendecker,W.,,,
Michael Reynal, Yale,Michael Reynal,1983,4,,,,,Yale University,Michael,M,Reynal,A.,,,
Martin Wostenholme, Yale,Martin Wostenholme,1984,4,,,,,Yale University,Martin,M,Wostenholme,C.,,,
Robert Crates, Yale,Robert Crates,1984,1,,,,,Yale University,Robert,M,Crates,B.,,,
Paul Stoffel, Yale,Paul Stoffel,1984,2,,,,,Yale University,Paul,M,Stoffel,B.,,,
William Forstmann, Yale,William Forstmann,1984,1,,,,,Yale University,William,M,Forstmann,A.,,,
Bruce Pompan, Yale,Bruce Pompan,1984,4,,,,,Yale University,Bruce,M,Pompan,L.,,,
Dominic Tordjmann, Yale,Dominic Tordjmann,1984,1,,,,,Yale University,Dominic,M,Tordjmann,T.,,,
Andrew Fisher, Yale,Andrew Fisher,1984,1,,,,,Yale University,Andrew,M,Fisher,D.,,,
David Barnes, Yale,David Barnes,1984,1,,,,,Yale University,David,M,Barnes,M.,,,
Sunil Hingorani, Yale,Sunil Hingorani,1985,1,,,,,Yale University,Sunil,M,Hingorani,R.,,,
Robert Gudbranson, Yale,Robert Gudbranson,1985,1,,,,,Yale University,Robert,M,Gudbranson,K.,,,
George Staniar, Yale,George Staniar,1985,4,,,,,Yale University,George,M,Staniar,S.,,,
Bruce Herzog, Yale,Bruce Herzog,1985,3,,,,,Yale University,Bruce,M,Herzog,C.,,,
Daniel Solomon, Yale,Daniel Solomon,1986,4,,,,,Yale University,Daniel,M,Solomon,H.,,,
Neal Cavallon, Yale,Neal Cavallon,1986,3,,,,,Yale University,Neal,M,Cavallon,B.,,,
Mark Alexander, Yale,Mark Alexander,1986,1,,,,,Yale University,Mark,M,Alexander,C.,,,
Daniel Bromberg, Yale,Daniel Bromberg,1986,3,,,,,Yale University,Daniel,M,Bromberg,H.,,,
Charles Decell, Yale,Charles Decell,1986,1,,,,,Yale University,Charles,M,Decell,F.,,,
Dean Chadwin, Yale,Dean Chadwin,1986,1,,,,,Yale University,Dean,M,Chadwin,K.,,,
Christopher Vojta, Yale,Christopher Vojta,1986,2,,,,,Yale University,Christopher,M,Vojta,L.,,,
Philip Simotas, Yale,Philip Simotas,1986,1,,,,,Yale University,Philip,M,Simotas,E.,,,
D. Shane Read, Yale,D. Shane Read,1986,4,,,,,Yale University,D. Shane,M,Read,,,,
Brandon Chabner, Yale,Brandon Chabner,1987,2,,,,,Yale University,Brandon,M,Chabner,S.,,,
Edward Barkin, Yale,Edward Barkin,1987,2,,,,,Yale University,Edward,M,Barkin,S.,,,
Wayne Pacelle, Yale,Wayne Pacelle,1987,2,,,,,Yale University,Wayne,M,Pacelle,P.,,,
Jacob Wegrzyn, Yale,Jacob Wegrzyn,1987,4,,,,,Yale University,Jacob,M,Wegrzyn,M.,,,
Grant Little, Yale,Grant Little,1987,2,,,,,Yale University,Grant,M,Little,F.,,,
Douglas Robson, Yale,Douglas Robson,1987,4,,,,,Yale University,Douglas,M,Robson,O.,,,
Todd Khoury, Yale,Todd Khoury,1987,4,,,,,Yale University,Todd,M,Khoury,N.,,,
Andrew Thurstone, Yale,Andrew Thurstone,1987,4,,,,,Yale University,Andrew,M,Thurstone,B.,,,
David Hoffman, Yale,David Hoffman,1988,1,,,,,Yale University,David,M,Hoffman,H.,,,
John Kim, Yale,John Kim,1988,4,,,,,Yale University,John,M,Kim,,,,
William Benjes, Yale,William Benjes,1988,4,,,,,Yale University,William,M,Benjes,D.,,,
Jonathan Rosensweig, Yale,Jonathan Rosensweig,1988,3,,,,,Yale University,Jonathan,M,Rosensweig,P.,,,
Robin Selati, Yale,Robin Selati,1988,4,,,,,Yale University,Robin,M,Selati,P.,,,
David Katz, Yale,David Katz,1988,1,,,,,Yale University,David,M,Katz,S.,,,
Stephen Donovan, Yale,Stephen Donovan,1988,2,,,,,Yale University,Stephen,M,Donovan,,,,
Matthew Whitehead, Yale,Matthew Whitehead,1988,1,,,,,Yale University,Matthew,M,Whitehead,J.,,,
Barron Fletcher, Yale,Barron Fletcher,1989,3,,,,,Yale University,Barron,M,Fletcher,,,,
Christopher Torchia, Yale,Christopher Torchia,1989,2,,,,,Yale University,Christopher,M,Torchia,,,,
William Schief, Yale,William Schief,1989,1,,,,,Yale University,William,M,Schief,,,,
Robert Lawrence, Yale,Robert Lawrence,1989,1,,,,,Yale University,Robert,M,Lawrence,,,,
John Atwater, Yale,John Atwater,1989,3,,,,,Yale University,John,M,Atwater,,,,
William Sibold, Yale,William Sibold,1989,4,,,,,Yale University,William,M,Sibold,,,,
David Gollob, Yale,David Gollob,1990,4,,,,,Yale University,David,M,Gollob,,,,
Chris Adams, Yale,Chris Adams,1990,2,,,,,Yale University,Chris,M,Adams,,,,
Scott Beers, Yale,Scott Beers,1990,1,,,,,Yale University,Scott,M,Beers,,,,
Cameron Ragen, Yale,Cameron Ragen,1990,4,,,,,Yale University,Cameron,M,Ragen,,,,
Samuel Schoonmaker, Yale,Samuel Schoonmaker,1990,2,,,,,Yale University,Samuel,M,Schoonmaker,,,,
William Featherston, Yale,William Featherston,1990,4,,,,,Yale University,William,M,Featherston,,,,
Lee Engquist, Yale,Lee Engquist,1991,3,,,,,Yale University,Lee,M,Engquist,E.,,,
Edward Kaplan, Yale,Edward Kaplan,1991,2,,,,,Yale University,Edward,M,Kaplan,,,,
Paul Jamieson, Yale,Paul Jamieson,1991,2,,,,,Yale University,Paul,M,Jamieson,,,,
Daniel Englander, Yale,Daniel Englander,1991,3,,,,,Yale University,Daniel,M,Englander,,,,
Richard Theobald, Yale,Richard Theobald,1991,4,,,,,Yale University,Richard,M,Theobald,,,,
Craig Kennedy, Yale,Craig Kennedy,1991,3,,,,,Yale University,Craig,M,Kennedy,,,,
Anthony Aizer, Yale,Anthony Aizer,1992,4,,,,,Yale University,Anthony,M,Aizer,,,,
Daniel Gordon, Yale,Daniel Gordon,1992,3,,,,,Yale University,Daniel,M,Gordon,,,,
Jason Halperin, Yale,Jason Halperin,1992,1,,,,,Yale University,Jason,M,Halperin,,,,
Kenneth Katz, Yale,Kenneth Katz,1992,1,,,,,Yale University,Kenneth,M,Katz,,,,
Robert Morse, Yale,Robert Morse,1992,4,,,,,Yale University,Robert,M,Morse,,,,
Jeffrey Leslie, Yale,Jeffrey Leslie,1992,2,,,,,Yale University,Jeffrey,M,Leslie,,,,
Jeffrey Wyshner, Yale,Jeffrey Wyshner,1992,2,,,,,Yale University,Jeffrey,M,Wyshner,,,,
Shubert Koong, Yale,Shubert Koong,1992,2,,,,,Yale University,Shubert,M,Koong,,,,
Ian Shapiro, Yale,Ian Shapiro,1992,1,,,,,Yale University,Ian,M,Shapiro,,,,
J. Henry Morsman, Yale,J. Henry Morsman,1993,1,,,,,Yale University,J. Henry,M,Morsman,,4th,,
Matthew Quall, Yale,Matthew Quall,1993,4,,,,,Yale University,Matthew,M,Quall,,,,
Neal Kaufman, Yale,Neal Kaufman,1993,1,,,,,Yale University,Neal,M,Kaufman,,,,
Marc Howard, Yale,Marc Howard,1993,4,,,,,Yale University,Marc,M,Howard,,,,
Stephen Griesemer, Yale,Stephen Griesemer,1994,4,,,,,Yale University,Stephen,M,Griesemer,,,,
Robert Pohly, Yale,Robert Pohly,1994,4,,,,,Yale University,Robert,M,Pohly,S.,,,
Aleksanteri Seppala, Yale,Aleksanteri Seppala,1994,4,,,,,Yale University,Aleksanteri,M,Seppala,,,,
Mark Brittan, Yale,Mark Brittan,1994,1,,,,,Yale University,Mark,M,Brittan,,,,
Chi-Wai Lam, Yale,Chi-Wai Lam,1994,2,,,,,Yale University,Chi-Wai,M,Lam,,,,
Raj Vaswani, Yale,Raj Vaswani,1994,1,,,,,Yale University,Raj,M,Vaswani,,,,
Juan Rossello, Yale,Juan Rossello,1994,4,,,,,Yale University,Juan,M,Rossello,,,,
Adam Mandell, Yale,Adam Mandell,1995,4,,,,,Yale University,Adam,M,Mandell,,,,
Royal Hansen, Yale,Royal Hansen,1995,1,,,,,Yale University,Royal,M,Hansen,,,,
Damon Latanzi, Yale,Damon Latanzi,1996,4,,,,,Yale University,Damon,M,Latanzi,,,,
Seth Gordon, Yale,Seth Gordon,1996,4,,,,,Yale University,Seth,M,Gordon,,,,
Josef Tesarik, Yale,Josef Tesarik,1996,4,,,,,Yale University,Josef,M,Tesarik,,,,
Michael Slimack, Yale,Michael Slimack,1996,4,,,,,Yale University,Michael,M,Slimack,,,,
Aaron Lipson, Yale,Aaron Lipson,1997,3,,,,,Yale University,Aaron,M,Lipson,,,,
Scott Seelbach, Yale,Scott Seelbach,1997,2,,,,,Yale University,Scott,M,Seelbach,,,,
Cullen McMahon, Yale,Cullen McMahon,1997,4,,,,,Yale University,Cullen,M,McMahon,,,,
Martin Amann, Yale,Martin Amann,1997,4,,,,,Yale University,Martin,M,Amann,,,,
Andrew Tang, Yale,Andrew Tang,1998,4,,,,,Yale University,Andrew,M,Tang,,,,
Robert Keith, Yale,Robert Keith,1998,1,,,,,Yale University,Robert,M,Keith,,,,
Mark Warnken, Yale,Mark Warnken,1998,4,,,,,Yale University,Mark,M,Warnken,,,,
David Beynet, Yale,David Beynet,1999,4,,,,,Yale University,David,M,Beynet,,,,
Jonathan Beardsley, Yale,Jonathan Beardsley,1999,4,,,,,Yale University,Jonathan,M,Beardsley,,,,
Reid Lerner, Yale,Reid Lerner,1999,4,,,,,Yale University,Reid,M,Lerner,,,,
Bartol Letica, Yale,Bartol Letica,2000,1,,,,,Yale University,Bartol,M,Letica,,,,
Darren Plokhooy, Yale,Darren Plokhooy,2001,2,,,,,Yale University,Darren,M,Plokhooy,,,,
Eli Weiss, Yale,Eli Weiss,2002,1,,,,,Yale University,Eli,M,Weiss,,,,
Christopher Shackelton, Yale,Christopher Shackelton,2002,4,,,,,Yale University,Christopher,M,Shackelton,,,,
Ryan Coyle, Yale,Ryan Coyle,2002,4,,,,,Yale University,Ryan,M,Coyle,,,,
Gabriel Goldstein, Yale,Gabriel Goldstein,2002,4,,,,,Yale University,Gabriel,M,Goldstein,,,,
Steven Berke, Yale,Steven Berke,2003,3,,,,,Yale University,Steven,M,Berke,,,,
Ben Woodhouse, Yale,Ben Woodhouse,2003,3,,,,,Yale University,Ben,M,Woodhouse,,,,
Prateek Tandon, Yale,Prateek Tandon,2003,3,,,,,Yale University,Prateek,M,Tandon,,,,
Mark Dinner, Yale,Mark Dinner,2003,1,,,,,Yale University,Mark,M,Dinner,,,,
Neil Tolaney, Yale,Neil Tolaney,2004,4,,,,,Yale University,Neil,M,Tolaney,,,,
Dan Arellano, Yale,Dan Arellano,2004,4,,,,,Yale University,Dan,M,Arellano,,,,
Dustin West, Yale,Dustin West,2004,2,,,,,Yale University,Dustin,M,West,,,,
Andrew Rosenfeld, Yale,Andrew Rosenfeld,2004,4,,,,,Yale University,Andrew,M,Rosenfeld,,,,
David Goldman, Yale,David Goldman,2004,4,,,,,Yale University,David,M,Goldman,,,,
Daniel Clemens, Yale,Daniel Clemens,2005,1,,,,,Yale University,Daniel,M,Clemens,,,,
Andrew Arons, Yale,Andrew Arons,2005,4,,,,,Yale University,Andrew,M,Arons,,,,
Ryan Murphy, Yale,Ryan Murphy,2005,4,,,,,Yale University,Ryan,M,Murphy,,,,
Johnny Lu, Yale,Johnny Lu,2005,4,,,,,Yale University,Johnny,M,Lu,,,,
Matthew Feldman, Yale,Matthew Feldman,2006,4,,,,,Yale University,Matthew,M,Feldman,,,,
Milosz Gudzowski, Yale,Milosz Gudzowski,2006,4,,,,,Yale University,Milosz,M,Gudzowski,,,,
William Vidal, Yale,William Vidal,2006,4,,,,,Yale University,William,M,Vidal,,,,
Rowan Reynolds, Yale,Rowan Reynolds,2006,4,,,,,Yale University,Rowan,M,Reynolds,,,,
Brandon Wai, Yale,Brandon Wai,2007,4,,,,,Yale University,Brandon,M,Wai,,,,
Christopher Lawler, Yale,Christopher Lawler,2007,3,,,,,Yale University,Christopher,M,Lawler,,,,
Joseph Vellanikaran, Yale,Joseph Vellanikaran,2008,4,,,,,Yale University,Joseph,M,Vellanikaran,,,,
Rory Green, Yale,Rory Green,2008,4,,,,,Yale University,Rory,M,Green,,,,
Thomas Santoro, Yale,Thomas Santoro,2009,4,,,,,Yale University,Thomas,M,Santoro,,,,
Joshua Lederman, Yale,Joshua Lederman,2009,4,,,,,Yale University,Joshua,M,Lederman,,,,
Jeff Dawson, Yale,Jeff Dawson,2009,4,,,,,Yale University,Jeff,M,Dawson,,,,
Michael Caldwell, Yale,Michael Caldwell,2009,4,,,,,Yale University,Michael,M,Caldwell,,,,
James Dawson, Yale,James Dawson,2010,3,,,,,Yale University,James,M,Dawson,,,,
Matt Schimmel, Yale,Matt Schimmel,2011,2,https://yalebulldogs.com/sports/mens-tennis/roster/matt-schimmel/4486,"Jacksonville, FL",Bolles School,['Senior'],Yale University,Matt,M,Schimmel,,,Matt Schimmel,"[""2009-10 Men's Tennis"" ""2010-11 Men's Tennis""]"
Ryan Berman, Yale,Ryan Berman,2011,2,https://yalebulldogs.com/sports/mens-tennis/roster/ryan-berman/4475,"Armonk, NY",Bryam Hills,['Junior' 'Senior'],Yale University,Ryan,M,Berman,,,Ryan Berman,"[""2009-10 Men's Tennis"" ""2010-11 Men's Tennis""]"
Jordan Abergel, Yale,Jordan Abergel,2011,2,https://yalebulldogs.com/sports/mens-tennis/roster/jordan-abergel/4473,"Pacific Palisades, CA",Harvard Westlake,['Junior' 'Senior'],Yale University,Jordan,M,Abergel,,,Jordan Abergel,"[""2009-10 Men's Tennis"" ""2010-11 Men's Tennis""]"
Calvin Bennett, Yale,Calvin Bennett,2011,2,https://yalebulldogs.com/sports/mens-tennis/roster/calvin-bennett/4474,"Sandy, UT",The Waterford School,['Junior' 'Senior'],Yale University,Calvin,M,Bennett,,,Calvin Bennett,"[""2009-10 Men's Tennis"" ""2010-11 Men's Tennis""]"
Connor Dawson, Yale,Connor Dawson,2011,2,https://yalebulldogs.com/sports/mens-tennis/roster/connor-dawson/4478,"St. Charles, IL",St. Francis,['Senior'],Yale University,Connor,M,Dawson,,,Connor Dawson,"[""2009-10 Men's Tennis"" ""2010-11 Men's Tennis""]"
Erik Blumenkranz, Yale,Erik Blumenkranz,2012,3,https://yalebulldogs.com/sports/mens-tennis/roster/erik-blumenkranz/4487,"Portola Valley, Calif.",Sacred Heart Preparatory School,['Sophomore' 'Junior' 'Senior'],Yale University,Erik,M,Blumenkranz,,,Erik Blumenkranz,"[""2009-10 Men's Tennis"" ""2010-11 Men's Tennis"" ""2011-12 Men's Tennis""]"
Joel Samaha, Yale,Joel Samaha,2012,3,https://yalebulldogs.com/sports/mens-tennis/roster/joel-samaha/4498,"Tampa, Fla.",H.B. Plant High School,['Sophomore' 'Junior' 'Senior'],Yale University,Joel,M,Samaha,,,Joel Samaha,"[""2009-10 Men's Tennis"" ""2010-11 Men's Tennis"" ""2011-12 Men's Tennis""]"
Zachary Dean, Yale,Zachary Dean,2013,3,https://yalebulldogs.com/sports/mens-tennis/roster/zachary-dean/4502,"Commack, N.Y.",Commack,['Sophomore' 'Junior' 'Senior'],Yale University,Zachary,M,Dean,,,Zachary Dean,"[""2010-11 Men's Tennis"" ""2011-12 Men's Tennis"" ""2012-13 Men's Tennis""]"
Daniel Hoffman, Yale,Daniel Hoffman,2013,4,https://yalebulldogs.com/sports/mens-tennis/roster/daniel-hoffman/4504,"Atherton, Calif.",,['First Year' 'Sophomore' 'Junior' 'Senior'],Yale University,Daniel,M,Hoffman,,,Daniel Hoffman,"[""2009-10 Men's Tennis"" ""2010-11 Men's Tennis"" ""2011-12 Men's Tennis""
 ""2012-13 Men's Tennis""]"
Marc Powers, Yale,Marc Powers,2013,4,https://yalebulldogs.com/sports/mens-tennis/roster/marc-powers/4507,"Stamford, Conn.",,['First Year' 'Sophomore' 'Junior' 'Senior'],Yale University,Marc,M,Powers,,,Marc Powers,"[""2009-10 Men's Tennis"" ""2010-11 Men's Tennis"" ""2011-12 Men's Tennis""
 ""2012-13 Men's Tennis""]"
John Huang, Yale,John Huang,2013,4,https://yalebulldogs.com/sports/mens-tennis/roster/john-huang/4505,"Irvine, Calif.",,['First Year' 'Sophomore' 'Junior' 'Senior'],Yale University,John,M,Huang,,,John Huang,"[""2009-10 Men's Tennis"" ""2010-11 Men's Tennis"" ""2011-12 Men's Tennis""
 ""2012-13 Men's Tennis""]"
Tommy Ratchford, Yale,Tommy Ratchford,2014,4,https://yalebulldogs.com/sports/mens-tennis/roster/tommy-ratchford/4520,"Atlanta, Ga.",Westminster,['First Year' 'Sophomore' 'Junior' 'Senior'],Yale University,Tommy,M,Ratchford,,,Tommy Ratchford,"[""2010-11 Men's Tennis"" ""2011-12 Men's Tennis"" ""2012-13 Men's Tennis""
 ""2013-14 Men's Tennis""]"
Patrick Chase, Yale,Patrick Chase,2014,4,https://yalebulldogs.com/sports/mens-tennis/roster/patrick-chase/4512,"Portola Valley, Calif.",Menlo,['First Year' 'Sophomore' 'Junior' 'Senior'],Yale University,Patrick,M,Chase,,,Patrick Chase,"[""2010-11 Men's Tennis"" ""2011-12 Men's Tennis"" ""2012-13 Men's Tennis""
 ""2013-14 Men's Tennis""]"
Kyle Dawson, Yale,Kyle Dawson,2014,4,https://yalebulldogs.com/sports/mens-tennis/roster/kyle-dawson/4513,"St. Charles, Ill.",St. Francis,['First Year' 'Sophomore' 'Junior' 'Senior'],Yale University,Kyle,M,Dawson,,,Kyle Dawson,"[""2010-11 Men's Tennis"" ""2011-12 Men's Tennis"" ""2012-13 Men's Tennis""
 ""2013-14 Men's Tennis""]"
Matt Saiontz, Yale,Matt Saiontz,2015,4,https://yalebulldogs.com/sports/mens-tennis/roster/matt-saiontz/4532,"Miami, Fla.",Ransom Everglades,['First Year' 'Sophomore' 'Junior' 'Senior'],Yale University,Matt,M,Saiontz,,,Matt Saiontz,"[""2011-12 Men's Tennis"" ""2012-13 Men's Tennis"" ""2013-14 Men's Tennis""
 ""2014-15 Men's Tennis""]"
Daniel Faierman, Yale,Daniel Faierman,2015,4,https://yalebulldogs.com/sports/mens-tennis/roster/daniel-faierman/4526,"Del Mar, Calif.",La Jolla Country Day,['First Year' 'Sophomore' 'Junior' 'Senior'],Yale University,Daniel,M,Faierman,,,Daniel Faierman,"[""2011-12 Men's Tennis"" ""2012-13 Men's Tennis"" ""2013-14 Men's Tennis""
 ""2014-15 Men's Tennis""]"
Zachary Krumholz, Yale,Zachary Krumholz,2015,4,https://yalebulldogs.com/sports/mens-tennis/roster/zachary-krumholz/4528,"Palm Beach, Fla.",The Benjamin School,['First Year' 'Sophomore' 'Junior' 'Senior'],Yale University,Zachary,M,Krumholz,,,Zachary Krumholz,"[""2011-12 Men's Tennis"" ""2012-13 Men's Tennis"" ""2013-14 Men's Tennis""
 ""2014-15 Men's Tennis""]"
Jason Brown, Yale,Jason Brown,2016,4,https://yalebulldogs.com/sports/mens-tennis/roster/jason-brown/4537,"Deerfield, Ill.",Deerfield,['First Year' 'Sophomore' 'Junior' 'Senior'],Yale University,Jason,M,Brown,,,Jason Brown,"[""2012-13 Men's Tennis"" ""2013-14 Men's Tennis"" ""2014-15 Men's Tennis""
 ""2015-16 Men's Tennis""]"
Martin Svenning, Yale,Martin Svenning,2016,4,https://yalebulldogs.com/sports/mens-tennis/roster/martin-svenning/4544,"Malmo, Sweden",ProCivitas Privata Gymnasium,['First Year' 'Sophomore' 'Junior' 'Senior'],Yale University,Martin,M,Svenning,,,Martin Svenning,"[""2012-13 Men's Tennis"" ""2013-14 Men's Tennis"" ""2014-15 Men's Tennis""
 ""2015-16 Men's Tennis""]"
Photos Photiades, Yale,Photos Photiades,2017,4,https://yalebulldogs.com/sports/mens-tennis/roster/photos-photiades/4556,"Nicosia, Cyprus",English School,['First Year' 'Sophomore' 'Junior' 'Senior'],Yale University,Photos,M,Photiades,,,Photos Photiades,"[""2013-14 Men's Tennis"" ""2014-15 Men's Tennis"" ""2015-16 Men's Tennis""
 ""2016-17 Men's Tennis""]"
James Ratchford, Yale,James Ratchford,2017,4,https://yalebulldogs.com/sports/mens-tennis/roster/james-ratchford/4557,"Atlanta, Ga.",Atlanta International School,['First Year' 'Sophomore' 'Junior' 'Senior'],Yale University,James,M,Ratchford,,,James Ratchford,"[""2013-14 Men's Tennis"" ""2014-15 Men's Tennis"" ""2015-16 Men's Tennis""
 ""2016-17 Men's Tennis""]"
Alex Hagermoser, Yale,Alex Hagermoser,2017,4,https://yalebulldogs.com/sports/mens-tennis/roster/alex-hagermoser/4552,"Hinsdale, Ill.",Hinsdale Central,['First Year' 'Sophomore' 'Junior' 'Senior'],Yale University,Alex,M,Hagermoser,,,Alex Hagermoser,"[""2013-14 Men's Tennis"" ""2014-15 Men's Tennis"" ""2015-16 Men's Tennis""
 ""2016-17 Men's Tennis""]"
Tyler Lu, Yale,Tyler Lu,2017,4,https://yalebulldogs.com/sports/mens-tennis/roster/tyler-lu/4555,"Irvine, Calif.",University,['First Year' 'Sophomore' 'Junior' 'Senior'],Yale University,Tyler,M,Lu,,,Tyler Lu,"[""2013-14 Men's Tennis"" ""2014-15 Men's Tennis"" ""2015-16 Men's Tennis""
 ""2016-17 Men's Tennis""]"
Charlie Adams, Yale,Charlie Adams,2017,2,https://yalebulldogs.com/sports/mens-tennis/roster/charlie-adams/4547,"Wayzata, Minnesota",The Blake School,['First Year' 'Sophomore'],Yale University,Charlie,M,Adams,,,Charlie Adams,"[""2015-16 Men's Tennis"" ""2016-17 Men's Tennis""]"
Stefan Doehler, Yale,Stefan Doehler,2018,4,https://yalebulldogs.com/sports/mens-tennis/roster/stefan-doehler/4563,"Tustin, Calif.",Foothill,['First Year' 'Sophomore' 'Junior' 'Senior'],Yale University,Stefan,M,Doehler,,,Stefan Doehler,"[""2014-15 Men's Tennis"" ""2015-16 Men's Tennis"" ""2016-17 Men's Tennis""
 ""2017-18 Men's Tennis""]"
Fedor Andrienko, Yale,Fedor Andrienko,2018,4,https://yalebulldogs.com/sports/mens-tennis/roster/fedor-andrienko/4560,"Moscow, Russia",Hotchkiss,['First Year' 'Sophomore' 'Junior' 'Senior'],Yale University,Fedor,M,Andrienko,,,Fedor Andrienko,"[""2014-15 Men's Tennis"" ""2015-16 Men's Tennis"" ""2016-17 Men's Tennis""
 ""2017-18 Men's Tennis""]"
Ziqi Wang, Yale,Ziqi Wang,2018,4,https://yalebulldogs.com/sports/mens-tennis/roster/ziqi-wang/4569,"Vestavia Hills, Ala.",Vestavia Hills,['First Year' 'Sophomore' 'Junior' 'Senior'],Yale University,Ziqi,M,Wang,,,Ziqi Wang,"[""2014-15 Men's Tennis"" ""2015-16 Men's Tennis"" ""2016-17 Men's Tennis""
 ""2017-18 Men's Tennis""]"
Nathan Brown, Yale,Nathan Brown,2019,4,https://yalebulldogs.com/sports/mens-tennis/roster/nathan-brown/4570,"El Paso, Texas",Coronado,['First Year' 'Sophomore' 'Junior' 'Senior'],Yale University,Nathan,M,Brown,,,Nathan Brown,"[""2015-16 Men's Tennis"" ""2016-17 Men's Tennis"" ""2017-18 Men's Tennis""
 ""2018-19 Men's Tennis""]"
Dennis Wang, Yale,Dennis Wang,2019,4,https://yalebulldogs.com/sports/mens-tennis/roster/dennis-wang/4579,"Germantown, Maryland",Poolesville,['First Year' 'Sophomore' 'Junior' 'Senior'],Yale University,Dennis,M,Wang,,,Dennis Wang,"[""2015-16 Men's Tennis"" ""2016-17 Men's Tennis"" ""2017-18 Men's Tennis""
 ""2018-19 Men's Tennis""]"
Andrew Heller, Yale,Andrew Heller,2020,4,https://yalebulldogs.com/sports/mens-tennis/roster/andrew-heller/14484,"Weston, Fl.",Cypress Bay,['First Year' 'Sophomore' 'Junior' 'Senior'],Yale University,Andrew,M,Heller,,,Andrew Heller,"[""2016-17 Men's Tennis"" ""2017-18 Men's Tennis"" ""2018-19 Men's Tennis""
 ""2019-20 Men's Tennis Roster""]"
Arnav Dhingra, Yale,Arnav Dhingra,2020,2,https://yalebulldogs.com/sports/mens-tennis/roster/arnav-dhingra/14483,"Darnestown, Maryland",Poolesville High School,['First Year' 'Sophomore'],Yale University,Arnav,M,Dhingra,,,Arnav Dhingra,"[""2018-19 Men's Tennis"" ""2019-20 Men's Tennis Roster""]"
Camille Kima, Yale,Camille Kima,2020,2,https://yalebulldogs.com/sports/mens-tennis/roster/camille-kima/14485,"Gainesville, Fla.",Eastside,['Junior' 'Senior'],Yale University,Camille,M,Kima,,,Camille Kima,"[""2018-19 Men's Tennis"" ""2019-20 Men's Tennis Roster""]"
Michael Sun, Yale,Michael Sun,2020,2,https://yalebulldogs.com/sports/mens-tennis/roster/michael-sun/14489,"Livingston, New Jersey",Livingston High School,['First Year' 'Sophomore'],Yale University,Michael,M,Sun,,,Michael Sun,"[""2018-19 Men's Tennis"" ""2019-20 Men's Tennis Roster""]"
Louis Siegler, Yale,Louis Siegler,2020,1,https://yalebulldogs.com/sports/mens-tennis/roster/louis-siegler/14491,"Miami, Fla.",Miami Country Day,['First Year'],Yale University,Louis,M,Siegler,,,Louis Siegler,"[""2019-20 Men's Tennis Roster""]"
Daniel Gale, Yale,Daniel Gale,2020,1,https://yalebulldogs.com/sports/mens-tennis/roster/daniel-gale/14490,"Boca Raton, Fla.",Pinecrest,['First Year'],Yale University,Daniel,M,Gale,,,Daniel Gale,"[""2019-20 Men's Tennis Roster""]"
Ryan Cheng, Yale,Ryan Cheng,2020,4,https://yalebulldogs.com/sports/mens-tennis/roster/ryan-cheng/14482,"San Marino, Calif.",San Marino,['First Year' 'Sophomore' 'Junior' 'Senior'],Yale University,Ryan,M,Cheng,,,Ryan Cheng,"[""2016-17 Men's Tennis"" ""2017-18 Men's Tennis"" ""2018-19 Men's Tennis""
 ""2019-20 Men's Tennis Roster""]"
Dylan King, Yale,Dylan King,2020,4,https://yalebulldogs.com/sports/mens-tennis/roster/dylan-king/14486,"Portland, Ore.",Grant,['First Year' 'Sophomore' 'Junior' 'Senior'],Yale University,Dylan,M,King,,,Dylan King,"[""2016-17 Men's Tennis"" ""2017-18 Men's Tennis"" ""2018-19 Men's Tennis""
 ""2019-20 Men's Tennis Roster""]"
Robert Shymansky, Yale,Robert Shymansky,2020,1,https://yalebulldogs.com/sports/mens-tennis/roster/robert-shymansky/14492,"Cheswick, Pa.",Fox Chapel,['First Year'],Yale University,Robert,M,Shymansky,,,Robert Shymansky,"[""2019-20 Men's Tennis Roster""]"
Cody Lin, Yale,Cody Lin,2020,3,https://yalebulldogs.com/sports/mens-tennis/roster/cody-lin/14487,"Thousand Oaks, Calif.",Westlake,['First Year' 'Sophomore' 'Junior'],Yale University,Cody,M,Lin,,,Cody Lin,"[""2017-18 Men's Tennis"" ""2018-19 Men's Tennis""
 ""2019-20 Men's Tennis Roster""]"
Alan Sou, Yale,Alan Sou,2020,3,https://yalebulldogs.com/sports/mens-tennis/roster/alan-sou/14488,Hong Kong,King George V,['First Year' 'Sophomore' 'Junior'],Yale University,Alan,M,Sou,,,Alan Sou,"[""2017-18 Men's Tennis"" ""2018-19 Men's Tennis""
 ""2019-20 Men's Tennis Roster""]"
